{"name":"5e54107a-7fb7-413a-8375-834ded3c764a","id":"/providers/Microsoft.Flow/flows/5e54107a-7fb7-413a-8375-834ded3c764a","type":"Microsoft.Flow/flows","properties":{"apiId":"/providers/Microsoft.PowerApps/apis/shared_logicflows","displayName":"Save my email attachments to a SharePoint document library","definition":{"metadata":{"workflowEntityId":null,"processAdvisorMetadata":null,"flowChargedByPaygo":null,"flowclientsuspensionreason":"None","flowclientsuspensiontime":null,"flowclientsuspensionreasondetails":null,"creator":{"id":"a365563d-be6b-4745-b007-80c2eb013fe0","type":"User","tenantId":"7956f2e9-ec9a-47a8-b653-6fcb12280479"},"provisioningMethod":"FromDefinition","failureAlertSubscription":true,"clientLastModifiedTime":"2024-08-07T23:23:14.2793998Z","connectionKeySavedTimeKey":"2024-08-07T23:23:14.2793998Z"},"$schema":"https://schema.management.azure.com/providers/Microsoft.Logic/schemas/2016-06-01/workflowdefinition.json#","contentVersion":"1.0.0.0","parameters":{"$authentication":{"defaultValue":{},"type":"SecureObject"},"$connections":{"defaultValue":{},"type":"Object"}},"triggers":{"When_a_new_email_arrives_in_a_shared_mailbox_(V2)":{"recurrence":{"frequency":"Minute","interval":1},"splitOn":"@triggerOutputs()?['body/value']","type":"OpenApiConnection","inputs":{"parameters":{"mailboxAddress":"integratedreporting@crrda.org.au","importance":"Any","hasAttachments":true,"includeAttachments":false,"folderId":"Inbox"},"host":{"apiId":"/providers/Microsoft.PowerApps/apis/shared_office365","connectionName":"shared_office365","operationId":"SharedMailboxOnNewEmailV2"},"authentication":"@parameters('$authentication')"}}},"actions":{"Check_From_email_address":{"actions":{"Apply_to_each":{"foreach":"@triggerOutputs()?['body/attachments']","actions":{"Check_is_planned_task":{"actions":{"Create_planned_task_file":{"type":"OpenApiConnection","inputs":{"parameters":{"dataset":"@variables('SharePtSite')","folderPath":"@concat(variables('FilePath'), '04. RIS Planned Task Report')","name":"@item()?['name']","body":"@item()?['contentBytes']"},"host":{"apiId":"/providers/Microsoft.PowerApps/apis/shared_sharepointonline","connectionName":"shared_sharepointonline","operationId":"CreateFile"},"authentication":"@parameters('$authentication')"},"runtimeConfiguration":{"contentTransfer":{"transferMode":"Chunked"}}}},"else":{"actions":{}},"expression":{"and":[{"contains":["@item()?['name']","PLANNED"]}]},"type":"If"},"Check_is_punchlist":{"actions":{"Create_punchlist_file":{"metadata":{"operationMetadataId":"4d9b79cf-79d6-4b9b-8946-da232a340625"},"type":"OpenApiConnection","inputs":{"parameters":{"dataset":"@variables('SharePtSite')","folderPath":"@concat(variables('FilePath'), '03. RIS Punchlist')","name":"@item()?['name']","body":"@item()?['contentBytes']"},"host":{"apiId":"/providers/Microsoft.PowerApps/apis/shared_sharepointonline","connectionName":"shared_sharepointonline","operationId":"CreateFile"},"authentication":"@parameters('$authentication')"},"runtimeConfiguration":{"contentTransfer":{"transferMode":"Chunked"}}}},"else":{"actions":{}},"expression":{"and":[{"contains":["@item()?['name']","PUNCHLIST"]}]},"type":"If"}},"metadata":{"operationMetadataId":"801a73a0-cf95-4b8e-9e7a-ebe6ed3d487a"},"type":"Foreach"}},"runAfter":{"Initialize_FilePath":["Succeeded"]},"else":{"actions":{}},"expression":{"and":[{"contains":["@triggerOutputs()?['body/from']","Jonathan.Lin@unityalliance.com.au"]},{"contains":["@triggerOutputs()?['body/subject']","Hexagon Punchlist"]}]},"metadata":{"operationMetadataId":"09d6f6c0-7671-4500-8ee9-f265fe3fb32e"},"type":"If"},"Initialize_SharePtSite":{"runAfter":{},"metadata":{"operationMetadataId":"33e05d68-72f1-44a6-b71f-bf78cbbd15be"},"type":"InitializeVariable","inputs":{"variables":[{"name":"SharePtSite","type":"string","value":"https://crrda.sharepoint.com/sites/IntegratedReportingTool"}]}},"Initialize_FilePath":{"runAfter":{"Initialize_SharePtSite":["Succeeded"]},"metadata":{"operationMetadataId":"3df55e2f-f8f2-467f-b2a5-a3321ba42f1e"},"type":"InitializeVariable","inputs":{"variables":[{"name":"FilePath","type":"string","value":"/Shared Documents/04. Input Data - Internal Only/01. RIS DOC/01. Extracts/"}]}}},"outputs":{},"description":"When an email with an attachment arrives in the Inbox folder, save the attachment file in SharePoint document library. You can also use filter to run flow only for emails from a specific person by using the variable 'IsFromFilterApplied' set to 'true' and input expected 'From' Email Id in the condition to validate."},"connectionReferences":{"shared_office365":{"connectionName":"shared-office365-cba23f28-b2bf-4344-a8a0-993d59753fa4","source":"Embedded","id":"/providers/Microsoft.PowerApps/apis/shared_office365","tier":"NotSpecified"},"shared_sharepointonline":{"connectionName":"shared-sharepointonl-ea8bd2f1-ff93-4490-95b2-e4ac6845fe88","source":"Embedded","id":"/providers/Microsoft.PowerApps/apis/shared_sharepointonline","tier":"NotSpecified"}},"flowFailureAlertSubscribed":false,"isManaged":false}}